"goods_img","goods_title","goods_price","goods_sales","shop_title","shop_platform","goods_link","grab_time","page_type","category"

"https://imgservice4.suning.cn/uimg1/b2c/image/r5WIexFMq-6Yqem-hVdDCg.jpg_400w_400h_4e","匹克(PEAK) 初级羽毛球拍(双拍)羽毛球拍","22900.00","50","中锐智采苏宁旗舰店","苏宁","https://product.suning.com/0010349855/12439927897.html","2025-07-07 09:14","product","运动户外"

"https://imgservice1.suning.cn/uimg1/b2c/image/bZje5bdQwvQ7BlN9WEjKOQ.jpg_400w_400h_4e","匹克(PEAK) 羽毛球拍套装匹克(PEAK) 羽毛球拍套装","13900.00","40","中锐智采苏宁旗舰店","苏宁","https://product.suning.com/0010349855/12439933923.html","2025-07-07 09:14","product","运动户外"

"https://imgservice2.suning.cn/uimg1/b2c/image/ZimL7lpdlvz5h7_MfDCW1w.jpg_400w_400h_4e","匹克(PEAK) 双肩背包 运动背包小身材大容量 防溅水设计","8210.00","1","苏宁自营","苏宁","https://product.suning.com/0000000000/12436086189.html","2025-07-07 09:14","product","运动户外"

"https://imgservice4.suning.cn/uimg1/b2c/image/Wu1xR_U8XhzNOEwOOMkL7Q.jpg_400w_400h_4e","匹克(PEAK) 全棉运动毛巾加长快速吸汗 保持清爽","5390.00","0","苏宁自营","苏宁","https://product.suning.com/0000000000/12436079765.html","2025-07-07 09:14","product","运动户外"

"https://imgservice5.suning.cn/uimg1/b2c/image/_AX2YB3fXeLDUwSzT2Dg1A.jpg_400w_400h_4e","匹克(PEAK)运动喷零水壶-便捷","6900.00","1","苏宁自营","苏宁","https://product.suning.com/0000000000/12436271497.html","2025-07-07 09:14","product","运动户外"

"https://imgservice4.suning.cn/uimg1/b2c/image/8eXeVEujbTxHntEUYJljaw.jpg_400w_400h_4e","匹克(PEAK)*保暖针织帽 YH72401 黑色质量保障","5300.00","0","苏宁自营","苏宁","https://product.suning.com/0000000000/12426368591.html","2025-07-07 09:14","product","服装鞋帽"

"https://imgservice4.suning.cn/uimg1/b2c/image/vwCx-hXtGkLj3BpKWDQyCg.jpg_400w_400h_4e","匹克(PEAK)*保暖帽 YH73433 黑色质量保障","5880.00","0","苏宁自营","苏宁","https://product.suning.com/0000000000/12426368592.html","2025-07-07 09:14","product","服装鞋帽"

"https://imgservice4.suning.cn/uimg1/b2c/image/-cukaOS-blGdMmYm2HrISQ.jpg_400w_400h_4e","匹克(PEAK)*保暖手套 YH23406 黑色 一双质量保障","3300.00","0","苏宁自营","苏宁","https://product.suning.com/0000000000/12426368593.html","2025-07-07 09:14","product","运动户外"

"https://imgservice5.suning.cn/uimg1/b2c/image/AJQkBllHxq1QdarRzNEkqg.jpg_400w_400h_4e","匹克(PEAK)*拼色保暖手套 YH23408 深灰 一双质量保障","3420.00","0","苏宁自营","苏宁","https://product.suning.com/0000000000/12426370081.html","2025-07-07 09:14","product","运动户外"

"https://imgservice2.suning.cn/uimg1/b2c/image/BZZdvGGZ2OXJcwKU2QBgKA.jpg_400w_400h_4e","匹克 劳保鞋塑包头防砸防刺穿耐磨透气轻便软底男款 灰色lr12233劳保鞋塑包头防砸防刺穿耐磨透气轻便软底男款","34875.00","1","苏宁自营","苏宁","https://product.suning.com/0000000000/12431534886.html","2025-07-07 09:14","product","运动户外"

"https://imgservice1.suning.cn/uimg1/b2c/image/hpsMFA2wGSCO2cvNYJd4fw.jpg_400w_400h_4e","匹克(PEAK) 冰感运动毛巾YH53401 印花 黑红瞬间吸汗 一甩即凉","6380.00","0","苏宁自营","苏宁","https://product.suning.com/0000000000/12436054116.html","2025-07-07 09:14","product","运动户外"

"https://imgservice4.suning.cn/uimg1/b2c/image/RqsAHcLSX9w4D77EVjAnUA.png_400w_400h_4e","匹克(PEAK) 冰感运动毛巾 YH53401 紫 色瞬间吸汗 一甩即凉","6390.00","0","苏宁自营","苏宁","https://product.suning.com/0000000000/12436076373.html","2025-07-07 09:14","product","运动户外"

"https://imgservice4.suning.cn/uimg1/b2c/image/Cd9PUV2rqbJp_zoR0MTJjw.jpg_400w_400h_4e","匹克(PEAK)冰丝袖套(一对)支持政府采购","3200.00","0","苏宁自营","苏宁","https://product.suning.com/0000000000/12436084826.html","2025-07-07 09:14","product","运动户外"

"https://imgservice4.suning.cn/uimg1/b2c/image/PMBElMMrlRv9NAt_qsmAIg.jpg_400w_400h_4e","匹克(PEAK) 收纳箱 储物箱 30L承重力强，可折叠，大容量大开口，易拿取","8790.00","0","苏宁自营","苏宁","https://product.suning.com/0000000000/12436085453.html","2025-07-07 09:14","product","家居生活"

"https://imgservice1.suning.cn/uimg1/b2c/image/jYFRFD-zhDPNu12-QxJjIA.jpg_400w_400h_4e","匹克(PEAK) 双肩运动大容量背包运动背包 超大容量","19890.00","10","苏宁自营","苏宁","https://product.suning.com/0000000000/12436086952.html","2025-07-07 09:14","product","运动户外"

"https://imgservice1.suning.cn/uimg1/b2c/image/qxj19wWzMYb5l9tH9hiOCw.jpg_400w_400h_4e","匹克(PEAK) 筋膜枪-6档调节","12600.00","0","苏宁自营","苏宁","https://product.suning.com/0000000000/12436158286.html","2025-07-07 09:14","product","运动户外"

"https://imgservice5.suning.cn/uimg1/b2c/image/PJSeXx19BLZ2Zghcx33_tw.jpg_400w_400h_4e","匹克(PEAK)保暖针织帽 YH72401 黑色 一双质量保障","5057.00","0","苏宁自营","苏宁","https://product.suning.com/0000000000/12436238090.html","2025-07-07 09:14","product","服装鞋帽"

"https://image5.suning.cn/uimg/b2c/newcatentries/0000000000-000000012436272874_1.jpg_400w_400h_4e","匹克(PEAK)双人户外吊床-便捷","6900.00","0","苏宁自营","苏宁","https://product.suning.com/0000000000/12436272874.html","2025-07-07 09:14","product","运动户外"

"https://imgservice4.suning.cn/uimg1/b2c/image/SQ9n_xQrNIUdmvBvtn-srA.jpg_400w_400h_4e","匹克(PEAK)运动软飞盘加厚蓝色、黄色便携","4100.00","0","苏宁自营","苏宁","https://product.suning.com/0000000000/12436289771.html","2025-07-07 09:14","product","运动户外"

"https://imgservice3.suning.cn/uimg1/b2c/image/2hmbLZqYLNul07rgeQPtjg.jpg_400w_400h_4e","匹克 劳保鞋男防砸防刺穿秋冬软底耐磨透气轻便工地鞋钢包头工作鞋 LR72214清水蓝(防砸/防滑/防刺穿)单位:双劳保鞋男防砸防刺穿秋冬软底耐磨透气轻便工地鞋钢包头工作鞋","34680.00","1","苏宁自营","苏宁","https://product.suning.com/0000000000/12438082431.html","2025-07-07 09:14","product","运动户外"

"https://imgservice5.suning.cn/uimg1/b2c/image/R4hB9x2O0gFDjmbA2iLEaA.jpg_400w_400h_4e","匹克 LR72218劳保鞋男款防砸防刺穿 轻便透气防滑工地男士老保安全工作鞋 37码-44码 鸽子灰 单位:双LR72218劳保鞋男款防砸防刺穿 轻便透气防滑工地男士老保安全工作鞋","23868.00","0","苏宁自营","苏宁","https://product.suning.com/0000000000/12440153163.html","2025-07-07 09:14","product","运动户外"

"https://image5.suning.cn/uimg/b2c/newcatentries/0000000000-000000012444820313_1.jpg_400w_400h_4e","匹克(PEAK)户外露营天幕露营装备天幕帐篷车边户外沙滩露营遮阳钓鱼防水防雨防晒空间较大结构稳定，通风性能好适用面广，易收纳","44900.00","0","苏宁自营","苏宁","https://product.suning.com/0000000000/12444820313.html","2025-07-07 09:14","product","运动户外"

"https://imgservice3.suning.cn/uimg1/b2c/image/jortCvAvDbybmjLpB4bEMg.jpg_400w_400h_4e","匹克(PEAK) 乒乓球拍 双横拍 套装力量大弧线长，正反手反转 容易应对相持球攻削结合","6400.00","0","苏宁自营","苏宁","https://product.suning.com/0000000000/12444820411.html","2025-07-07 09:14","product","运动户外"

"https://imgservice1.suning.cn/uimg1/b2c/image/RXCw7edTnny6TBn38LE3sQ.jpg_400w_400h_4e","匹克(PEAK) 初级羽毛球拍 (双拍)卵型拍头破风框，减小阻力，舒适防滑吸汗手柄","22900.00","0","苏宁自营","苏宁","https://product.suning.com/0000000000/12444820512.html","2025-07-07 09:14","product","运动户外"

"https://imgservice5.suning.cn/uimg1/b2c/image/PBiR2LudHXXkesSFe-vJLw.jpg_400w_400h_4e","匹克(PEAK) 羽毛球拍 套装高刚性细中刚管，反弹更省臂力。久打不累，超轻设计带来更快反应速度,更轻松挥拍","12900.00","0","苏宁自营","苏宁","https://product.suning.com/0000000000/12444820532.html","2025-07-07 09:14","product","运动户外"

"https://imgservice2.suning.cn/uimg1/b2c/image/S2Gj3mpLRlxs6ERVhEIzdA.jpg_400w_400h_4e","匹克(PEAK) 羽毛球 六只装YY52305飞行稳定 经久耐打","6900.00","0","苏宁自营","苏宁","https://product.suning.com/0000000000/12444821083.html","2025-07-07 09:14","product","运动户外"

"https://imgservice4.suning.cn/uimg1/b2c/image/JGnhp_BWzWuBdDsKqO1Vdw.jpg_400w_400h_4e","中国 象棋时尚美观 收纳方便","4790.00","1","苏宁自营","苏宁","https://product.suning.com/0000000000/12436052453.html","2025-07-07 09:14","product","家居生活"

"https://image3.suning.cn/uimg/b2c/newcatentries/0000000000-000000012393028238_1.jpg_400w_400h_4e","格兰仕 (Galanz) 微波炉23L大容量平板加热 机械旋钮式六档火力易洁内胆 P70F23P-G5(B0)23升大容量平板设计，机械旋钮，操作简单便捷","38900.00","100","苏宁自营","苏宁","https://product.suning.com/0000000000/12393028238.html","2025-07-07 09:14","product","家居生活"

"https://imgservice1.suning.cn/uimg1/b2c/image/6e6GOXdcX9SY5Voi1kJogg.jpg_400w_400h_4e","志高(iCongo)空调大 1.5p新1级能效冷暖挂机壁卧室家用节能纯铜管 KFR-33GW/G1A(BP)-01【政府补贴】志高空调大1.5匹冷暖变频一级能效铜管节能","199900.00","0","冰熊家电苏宁专营店","苏宁","https://product.suning.com/0010360160/12403598911.html","2025-07-07 09:14","product","家居生活"

"https://imgservice2.suning.cn/uimg1/b2c/image/dau9rnn9l-QGntQjSjwtcw.png_400w_400h_4e","[二手95成新]华为P40 PRO 5G 零度白8G+128G全网通安卓手机6.58英寸曲面屏麒麟990拍照双卡5G手机-","99800.00","90","禧运二手靓品专营店","苏宁","https://product.suning.com/0070739933/12387320269.html","2025-07-07 09:14","product","手机数码"

"https://imgservice1.suning.cn/uimg1/b2c/atmosphere/fc0uNzdWt6AU8RhEAoK7kw.png_400w_400h_4e","联想(Lenovo)拯救者R7000P 2025 16英寸游戏本笔记本电脑(R9 8945HX 16G 1T RTX5060 2.5k 240Hz 100% DCI-P3)碳晶黑锐龙R9 8945HX处理器，RTX5060 8G独显，16英寸2.5K 2","929900.00","2300","苏宁自营","苏宁","https://product.suning.com/0000000000/12445474909.html","2025-07-07 09:14","product","手机数码"

"https://imgservice2.suning.cn/uimg1/b2c/image/uXKKEdpva2TuvHlnALeeww.jpg_400w_400h_4e","长虹电视50D4P-G1 50英寸电视 全面屏 人工智能 4K超高清 HDR轻薄平板LED液晶平板电视政府补贴政府补贴 、50英寸智能电视、全面屏、4K HDR、无线投屏、2+16GB","139900.00","2300","苏宁自营","苏宁","https://product.suning.com/0000000000/12439977530.html","2025-07-07 09:14","product","手机数码"

"https://imgservice3.suning.cn/uimg1/b2c/image/SpZwsYrKoQfXbAKojPN5cQ.jpg_400w_400h_4e","格兰仕(Galanz)微波炉 23升微蒸烤一体机 双重杀菌9道美食菜单营养解冻 G80F23CN3P-BM1(G0)新品微蒸烤一体机，800W平板加热更均匀，双重杀菌","59900.00","83","格兰仕官方旗舰店","苏宁","https://product.suning.com/0071152595/12053341334.html","2025-07-07 09:14","product","家居生活"

"https://imgservice2.suning.cn/uimg1/b2c/image/4wNVfGU_aoysq8gRhwQQxw.jpg_400w_400h_4e","联想(Lenovo)拯救者Y7000P 16英寸电竞游戏笔记本电脑(i7-14650HX 16G 1T RTX5060 8G独显 2.5K 240Hz 高刷)酷睿i7-14650H，RTX5060独显，2.5K，正品行货，品质保证。","859900.00","40","联想慧达专卖店","苏宁","https://product.suning.com/0071486019/12446526089.html","2025-07-07 09:14","product","手机数码"

"https://imgservice3.suning.cn/uimg1/b2c/image/mBPaIIrJR5SXx0Odl6iiFg.jpg_400w_400h_4e","三道禾U-PVC胶粘剂/胶水 105g排水胶专用铁罐装瓶操作方便","1750.00","0","三道禾旗舰店","苏宁","https://product.suning.com/0071618524/12444110844.html","2025-07-07 09:14","product","家居生活"

"https://imgservice1.suning.cn/uimg1/b2c/image/orYT7MtX2O3njTKztYP59w.jpg_400w_400h_4e","ThinkPad T14p AI PC 酷睿Ultra9 185H 14.5英寸高性能工程师本笔记本电脑 64G 2TB 3K RTX4050 商务办公本Ultra9-185H+RTX4050+3K+120Hz","1399900.00","0","苏宁自营","苏宁","https://product.suning.com/0000000000/12432320742.html","2025-07-07 09:14","product","手机数码"

"https://imgservice1.suning.cn/uimg1/b2c/image/Md7b7n14B95DatPnxjXaig.jpg_400w_400h_4e","格兰仕 (Galanz) 微波炉23L大容量平板加热 机械旋钮式六档火力易洁内胆 P70F23P-G5(B0)23升大容量平板设计;机械旋钮简单便捷易上手；多功能一体一台抵多台；","38900.00","22","苏宁自营","苏宁","https://product.suning.com/0000000000/107179379.html","2025-07-07 09:14","product","家居生活"

"https://imgservice2.suning.cn/uimg1/b2c/image/S8bOsnJ5OwdwFvTqW5WinQ.jpg_400w_400h_4e","联想(Lenovo)拯救者Y9000P 2025 AI元启游戏笔记本电脑(Ultra9 275HX 32G 1T RTX5070 8G独显 2.5K 240Hz)黑色Ultra9 275HX，RTX5070独显，2.5K，240Hz电竞屏。","1299900.00","10","联想慧达专卖店","苏宁","https://product.suning.com/0071486019/12446687542.html","2025-07-07 09:14","product","手机数码"

"https://imgservice2.suning.cn/uimg1/b2c/image/5yFK0yXGyYofgBzWaX34aA.jpg_400w_400h_4e","联想(Lenovo)拯救者Y7000P 定制 2025 16英寸游戏笔记本电脑(i9-14900HX 32G 2T RTX5060 8G独显 2.5K 240Hz 高刷)定制i9-14900HX，RTX5060独显，2.5K，正品行货，全国联保，品质保证","979900.00","40","联想慧达专卖店","苏宁","https://product.suning.com/0071486019/12446561970.html","2025-07-07 09:14","product","手机数码"

"https://imgservice2.suning.cn/uimg1/b2c/image/GvP9s-hMuFrlo6Mwq0N4jA.png_400w_400h_4e","[二手9成新]华为P30 Pro 天空之镜 8GB+128GB 全网通全面屏 麒麟980芯片徕卡三摄 双卡拍照4G手机-","56800.00","400","禧运二手靓品专营店","苏宁","https://product.suning.com/0070739933/12430628904.html","2025-07-07 09:14","product","手机数码"

"https://imgservice2.suning.cn/uimg1/b2c/image/AteeW4LVYzIFbs-MLlaCyA.jpg_400w_400h_4e","联想(Lenovo)拯救者Y9000P 定制 2025 AI元启游戏笔记本电脑(Ultra9 275HX 32G 2T RTX5070 8G独显 2.5K 240Hz)黑色 定制Ultra9 275HX，RTX5070独显，2.5K，240Hz电竞屏。","1339900.00","10","联想慧达专卖店","苏宁","https://product.suning.com/0071486019/12446687550.html","2025-07-07 09:14","product","手机数码"

"https://imgservice2.suning.cn/uimg1/b2c/image/4k4E1OScONJ6emlEAL9-6w.jpg_400w_400h_4e","格兰仕(Galanz) 家用微波炉 光波炉烤箱一体机20升小型平板简单旋钮G70F20N3P-ZS(W0)家用微波炉 光波炉烤箱一体机20升小型平板简单旋钮","39900.00","91","苏宁自营","苏宁","https://product.suning.com/0000000000/12413587780.html","2025-07-07 09:14","product","家居生活"

"https://imgservice3.suning.cn/uimg1/b2c/image/TdkAX8_tFLXIGXLbAGySWA.jpg_400w_400h_4e","格兰仕微波炉电烤箱家用小型微蒸烤箱一体23L光波炉G80F23CN3P-BM1(G0)800瓦大功率，23升大容积，光波烧烤，蒸汽QQ补水，快速加热","48999.00","75","苏宁自营","苏宁","https://product.suning.com/0000000000/12053341334.html","2025-07-07 09:14","product","家居生活"

"https://image2.suning.cn/uimg/b2c/newcatentries/0071486019-000000012445903136_1.jpg_400w_400h_4e","联想(Lenovo)拯救者R7000P 定制 2025 16英寸电竞游戏笔记本电脑(锐龙R9 8945HX 32G 1T RTX5060 8G独显 2.5K 240Hz)定制拯救者R7000P新品上新！全新锐龙R9，2.5K高刷电竞屏。正品行货，全国联保","829900.00","0","联想慧达专卖店","苏宁","https://product.suning.com/0071486019/12445903136.html","2025-07-07 09:14","product","手机数码"

"https://imgservice1.suning.cn/uimg1/b2c/image/-IzuUCFPcGedkSOSCJUMMQ.png_400w_400h_4e","ThinkPad T14p AI PC 酷睿Ultra9 185H标压 14.5英寸高性能工程师本笔记本电脑 32G 1TB 3K 商务办公本Ultra9-185H+32G大内存+3K+120Hz","949900.00","20","苏宁自营","苏宁","https://product.suning.com/0000000000/12432320731.html","2025-07-07 09:14","product","手机数码"

"https://imgservice5.suning.cn/uimg1/b2c/image/OJlWCBltnFUM3UCRlAzjwQ.jpg_400w_400h_4e","联想(Lenovo)拯救者R9000P 定制 2025 16英寸电竞游戏笔记本电脑(锐龙R9 8945HX 64G 1T RTX5070 2.5K 240Hz)白色 定制拯救者R9000P！全新锐龙R9，2.5K高刷电竞屏。正品行货，全国联保。","1119900.00","20","联想慧达专卖店","苏宁","https://product.suning.com/0071486019/12446042277.html","2025-07-07 09:14","product","手机数码"

"https://imgservice1.suning.cn/uimg1/b2c/image/SHeXMC5zEmz77lEVN4MYmw.jpg_400w_400h_4e","联想(Lenovo)拯救者R9000P 16英寸电竞游戏笔记本电脑(R9-7945HX 32G 1T RTX4060 2.5k 240Hz高色域)碳晶灰 定制R9-7945HX，2.5K，240Hz电竞屏。正品行货，全国联保。","889900.00","20","联想慧达专卖店","苏宁","https://product.suning.com/0071486019/12412506686.html","2025-07-07 09:14","product","手机数码"

"https://imgservice1.suning.cn/uimg1/b2c/image/wk_gJYk3bvZ8ngVC6wF3lw.jpg_400w_400h_4e","联想(Lenovo)拯救者R9000P 2025 16英寸电竞游戏笔记本电脑(锐龙R9 8945HX 32G 1T RTX5070 2.5K 240Hz)白色拯救者R9000P！全新锐龙R9，2.5K高刷电竞屏。正品行货，全国联保。","1049900.00","20","联想慧达专卖店","苏宁","https://product.suning.com/0071486019/12446042264.html","2025-07-07 09:14","product","手机数码"

"https://imgservice4.suning.cn/uimg1/b2c/image/5zNvlTUh0fPhbE_r99DKwQ.jpg_400w_400h_4e","帮客材配 苏宁小Biu 1000G反渗透净水器JW-R1000A01净水机滤芯 PPC复合滤芯 第1级滤除水中泥沙、铁锈、颗粒物、悬浮物、胶体、淤泥、异色、异味、余氯等","29800.00","50","惠而浦售后滤芯配件材料专营店","苏宁","https://product.suning.com/0070142081/12431500464.html","2025-07-07 09:14","product","家居生活"

"https://imgservice2.suning.cn/uimg1/b2c/image/nYpGpgt7j6sVi3KcUy4IxA.jpg_400w_400h_4e","联想(Lenovo)拯救者Y7000P 定制 2025 16英寸游戏笔记本电脑(i9-14900HX 32G 1T RTX5070 8G独显 2.5K 240Hz 高刷)定制i9-14900HX，RTX5070独显，2.5K，正品行货，全国联保，品质保证","979900.00","40","联想慧达专卖店","苏宁","https://product.suning.com/0071486019/12446568888.html","2025-07-07 09:14","product","手机数码"

"https://imgservice4.suning.cn/uimg1/b2c/image/pXMUzOxCpbD0m7G0w9j_Yg.jpg_400w_400h_4e","360行车记录仪K380升级1296P+32G存储卡套装高清夜视迷你隐藏全景语音声控一体机停车监控带电源线车充1296p高清拍摄 夜视加强 语音交互 停车监控 手机WIFI 高清录像 循环录制","28900.00","800","苏宁自营","苏宁","https://product.suning.com/0000000000/12219001829.html","2025-07-07 09:14","product","汽车用品"

"https://imgservice2.suning.cn/uimg1/b2c/image/P2zjAR8kZpn30hc2DImu2Q.jpg_400w_400h_4e","联想(Lenovo)拯救者Y7000P 16英寸电竞游戏笔记本电脑(14代酷睿 i7-14650HX 16G 1T RTX4050 6G独显 2.5K 165Hz 高刷)全新14代酷睿i7-14650H，满功耗RTX4050独显，2.5K，原封发货，品质","739900.00","40","联想慧达专卖店","苏宁","https://product.suning.com/0071486019/12428294440.html","2025-07-07 09:14","product","手机数码"

"https://imgservice4.suning.cn/uimg1/b2c/image/dJASwKIuJlYHRiYDv764cw.jpg_400w_400h_4e","联想拯救者Y7000P 25新款 游戏笔记本电脑 16英寸超能电竞本(i9-14900HX 16G 1T RTX5060显卡 240HZ 广色域)碳晶黑 官方标配馈赠笔记本豪华礼包八件套！！！！！","1099900.00","0","永轩电脑专营店","苏宁","https://product.suning.com/0070175628/12446124869.html","2025-07-07 09:14","product","手机数码"

"https://imgservice5.suning.cn/uimg1/b2c/image/3FY9l4wYzP7MjbVFUne8jQ.jpg_400w_400h_4e","[美的(Media)净水器原装滤芯]花生/玄武系列400G PCB滤芯自主换芯更便捷","22800.00","500","苏宁自营","苏宁","https://product.suning.com/0000000000/12337928325.html","2025-07-07 09:14","product","家居生活"

"https://imgservice4.suning.cn/uimg1/b2c/image/TD6RNJg5I7xy3oqq2tAsHA.jpg_400w_400h_4e","[店保五年] Nikon/尼康 70-300VR镜头 AF-P DX 70-300mm f/4.5-6.3G ED VR 远摄变焦镜头 全新港版尼康70-300VR镜头 AF-P DX 70-300mm","219900.00","10","乐睿平数码专营店","苏宁","https://product.suning.com/0070223060/140319398.html","2025-07-07 09:14","product","手机数码"

"https://imgservice1.suning.cn/uimg1/b2c/image/-VnlcnGUaR35pRn0o4Vg0w.png_400w_400h_4e","创维电视 酷开55P3F-J 一级能效节能电视 2+32G大内存护眼全面屏智能电视一级能效大内存护眼电视","149900.00","0","苏宁自营","苏宁","https://product.suning.com/0000000000/12445983533.html","2025-07-07 09:14","product","家居生活"

"https://imgservice4.suning.cn/uimg1/b2c/image/EAwwpm8gJZMDdb2UDqtKZw.jpg_400w_400h_4e","联想(Lenovo)拯救者R7000P 游戏笔记本电脑 16英寸超能电竞本(R7-8845H 16G 1T RTX4060 8G显卡 2.5K 165Hz 高刷高色域屏)灰拯救者R7000P新品上新！全新锐龙R7，满功耗RTX4060独显，2.5K高刷电","689900.00","20","联想慧达专卖店","苏宁","https://product.suning.com/0071486019/12434081392.html","2025-07-07 09:14","product","手机数码"

"https://imgservice5.suning.cn/uimg1/b2c/image/0_RbfvShQeP30ZpPKR85Ug.jpg_400w_400h_4e","联想(Lenovo)异能者生态品牌 P15H N150 16G 1TB固态 定制版 WIFI 15.6英寸 笔记本电脑 办公本商务 轻薄本 手提 学生家用学习 W11试用四核处理器 DDR4内存 固态硬盘 WIFI5 高清屏幕","298800.00","1","世纪新起专营店","苏宁","https://product.suning.com/0071460053/12446468604.html","2025-07-07 09:14","product","手机数码"

"https://imgservice5.suning.cn/uimg1/b2c/image/3knv2Y-jVKbJI5F54QND0Q.png_400w_400h_4e","[二手8成新]华为P30 亮黑色 8GB+128GB 全网通 全面屏 麒麟980芯片 徕卡三摄 移动联通电信4G手机-","38900.00","400","禧运二手靓品专营店","苏宁","https://product.suning.com/0070739933/12426557361.html","2025-07-07 09:14","product","手机数码"

"https://imgservice1.suning.cn/uimg1/b2c/image/RofzUgbptkT2Yt9ch2TS2w.jpg_400w_400h_4e","联想(Lenovo)拯救者Y7000P 2025 16英寸游戏笔记本电脑(i9-14900HX 16G 1T RTX5060 8G独显 2.5K 240Hz 高刷)i9-14900HX，RTX5060独显，2.5K，正品行货，全国联保，品质保证。","909900.00","40","联想慧达专卖店","苏宁","https://product.suning.com/0071486019/12446190373.html","2025-07-07 09:14","product","手机数码"

"https://imgservice5.suning.cn/uimg1/b2c/image/llUUpZ96GEhnv_POzbq0WQ.jpg_400w_400h_4e","死于威尼斯 魂断威尼斯 托马斯曼 [正版]英文原版小说书 The Pickwick Papers 匹克威克外传 英文版原本店所有书籍均来自正规进货渠道，保证品质！","3620.00","0","粉象优品图书专营店","苏宁","https://product.suning.com/0071538872/12424383090.html","2025-07-07 09:14","product","图书音像"

"https://imgservice5.suning.cn/uimg1/b2c/image/MXy5g7l7G_xRKb3203VeYA.jpg_400w_400h_4e","查太莱夫人的情人 劳伦斯 [正版]英文原版小说书 The Pickwick Papers 匹克威克外传 英文版原版 查尔本店所有书籍均来自正规进货渠道，保证品质！","4140.00","0","粉象优品图书专营店","苏宁","https://product.suning.com/0071538872/12424383092.html","2025-07-07 09:14","product","图书音像"

"https://imgservice5.suning.cn/uimg1/b2c/image/PuZcV5fyYknQaE8F7VOu2A.jpg_400w_400h_4e","柳林风声 [正版]英文原版小说书 The Pickwick Papers 匹克威克外传 英文版原版 查尔斯狄更斯作品 进本店所有书籍均来自正规进货渠道，保证品质！","4270.00","0","粉象优品图书专营店","苏宁","https://product.suning.com/0071538872/12424383093.html","2025-07-07 09:14","product","图书音像"

"https://imgservice5.suning.cn/uimg1/b2c/image/s5UREjJw9MzrFIAOT3AbAA.jpg_400w_400h_4e","歌剧魅影 加斯通勒 [正版]英文原版小说书 The Pickwick Papers 匹克威克外传 英文版原版 查尔斯狄更本店所有书籍均来自正规进货渠道，保证品质！","3854.00","0","粉象优品图书专营店","苏宁","https://product.suning.com/0071538872/12424383095.html","2025-07-07 09:14","product","图书音像"

"https://imgservice5.suning.cn/uimg1/b2c/image/NloWKjcnxL6eDWMeKZlZuQ.jpg_400w_400h_4e","远大前程 狄更斯经典名著 [正版]英文原版小说书 The Pickwick Papers 匹克威克外传 英文版原版 查尔本店所有书籍均来自正规进货渠道，保证品质！","4114.00","0","粉象优品图书专营店","苏宁","https://product.suning.com/0071538872/12424383096.html","2025-07-07 09:14","product","图书音像"

"https://imgservice5.suning.cn/uimg1/b2c/image/-Cqy1iS8kGNAhi6ywUYJlw.jpg_400w_400h_4e","红字 霍桑 [正版]英文原版小说书 The Pickwick Papers 匹克威克外传 英文版原版 查尔斯狄更斯作品本店所有书籍均来自正规进货渠道，保证品质！","2580.00","0","粉象优品图书专营店","苏宁","https://product.suning.com/0071538872/12424383097.html","2025-07-07 09:14","product","图书音像"

"https://imgservice5.suning.cn/uimg1/b2c/image/RQauyctWMsobdb6ospUuIA.jpg_400w_400h_4e","马克吐温短篇故事集 [正版]英文原版小说书 The Pickwick Papers 匹克威克外传 英文版原版 查尔斯狄更本店所有书籍均来自正规进货渠道，保证品质！","4270.00","0","粉象优品图书专营店","苏宁","https://product.suning.com/0071538872/12424383100.html","2025-07-07 09:14","product","图书音像"

"https://imgservice5.suning.cn/uimg1/b2c/image/b8D8oY6tN3UjG_P9q1ZE2Q.jpg_400w_400h_4e","永远的丈夫 陀思妥耶夫斯基 [正版]英文原版小说书 The Pickwick Papers 匹克威克外传 英文版原版 查本店所有书籍均来自正规进货渠道，保证品质！","4374.00","0","粉象优品图书专营店","苏宁","https://product.suning.com/0071538872/12424383105.html","2025-07-07 09:14","product","图书音像"

"https://imgservice5.suning.cn/uimg1/b2c/image/LMdxNj8mKFHYYfkiO8WE_Q.jpg_400w_400h_4e","汤姆叔叔的小屋 [正版]英文原版小说书 The Pickwick Papers 匹克威克外传 英文版原版 查尔斯狄更斯作本店所有书籍均来自正规进货渠道，保证品质！","4114.00","0","粉象优品图书专营店","苏宁","https://product.suning.com/0071538872/12424383108.html","2025-07-07 09:14","product","图书音像"

"https://imgservice5.suning.cn/uimg1/b2c/image/AhLswT5CmuGy6X2NOJ6WVA.jpg_400w_400h_4e","红色勇气徽章 [正版]英文原版小说书 The Pickwick Papers 匹克威克外传 英文版原版 查尔斯狄更斯作品本店所有书籍均来自正规进货渠道，保证品质！","3854.00","0","粉象优品图书专营店","苏宁","https://product.suning.com/0071538872/12424383112.html","2025-07-07 09:14","product","图书音像"

"https://imgservice5.suning.cn/uimg1/b2c/image/fFRkunCLaMf6_EKVgTizzA.jpg_400w_400h_4e","易卜生四大戏剧 [正版]英文原版小说书 The Pickwick Papers 匹克威克外传 英文版原版 查尔斯狄更斯作本店所有书籍均来自正规进货渠道，保证品质！","4270.00","0","粉象优品图书专营店","苏宁","https://product.suning.com/0071538872/12424383114.html","2025-07-07 09:14","product","图书音像"

"https://imgservice5.suning.cn/uimg1/b2c/image/bY-DLDqGUFiKmapKCS-FjQ.jpg_400w_400h_4e","远离疯狂的人群 远离尘嚣 [正版]英文原版小说书 The Pickwick Papers 匹克威克外传 英文版原版 查尔本店所有书籍均来自正规进货渠道，保证品质！","4374.00","0","粉象优品图书专营店","苏宁","https://product.suning.com/0071538872/12424383117.html","2025-07-07 09:14","product","图书音像"

"https://imgservice5.suning.cn/uimg1/b2c/image/DoK_uVgW80oX73ucz0L7uw.jpg_400w_400h_4e","地下室手记 陀思妥耶夫斯基 [正版]英文原版小说书 The Pickwick Papers 匹克威克外传 英文版原版 查本店所有书籍均来自正规进货渠道，保证品质！","4270.00","0","粉象优品图书专营店","苏宁","https://product.suning.com/0071538872/12424383119.html","2025-07-07 09:14","product","图书音像"

"https://imgservice5.suning.cn/uimg1/b2c/image/BuqQSyv2G-cwe3NHDVvACA.jpg_400w_400h_4e","变形记 [正版]英文原版小说书 The Pickwick Papers 匹克威克外传 英文版原版 查尔斯狄更斯作品 进口本店所有书籍均来自正规进货渠道，保证品质！","4270.00","0","粉象优品图书专营店","苏宁","https://product.suning.com/0071538872/12424383122.html","2025-07-07 09:14","product","图书音像"

"https://imgservice5.suning.cn/uimg1/b2c/image/gH36Ibc1HI86JaYwUtmU5g.jpg_400w_400h_4e","彼得潘 [正版]英文原版小说书 The Pickwick Papers 匹克威克外传 英文版原版 查尔斯狄更斯作品 进口本店所有书籍均来自正规进货渠道，保证品质！","4270.00","0","粉象优品图书专营店","苏宁","https://product.suning.com/0071538872/12424383124.html","2025-07-07 09:14","product","图书音像"

"https://imgservice3.suning.cn/uimg1/b2c/image/EWtTvMwLS7PN-xE90F8VMA.jpg_400w_400h_4e","Sherlock Holmes 2册全套 [正版]英文原版小说书 The Pickwick Papers 匹克威克外传本店所有书籍均来自正规进货渠道，保证品质！","5440.00","0","粉象优品图书专营店","苏宁","https://product.suning.com/0071538872/12424383232.html","2025-07-07 09:14","product","图书音像"

"https://imgservice3.suning.cn/uimg1/b2c/image/hVTn3-1SdFqmPF3Z3aF5Hw.jpg_400w_400h_4e","圣诞颂歌 查尔斯狄更斯 [正版]英文原版小说书 The Pickwick Papers 匹克威克外传 英文版原版 查尔斯本店所有书籍均来自正规进货渠道，保证品质！","2840.00","0","粉象优品图书专营店","苏宁","https://product.suning.com/0071538872/12424383236.html","2025-07-07 09:14","product","图书音像"

"https://imgservice3.suning.cn/uimg1/b2c/image/RCio7A0ACMYV06johdyoiw.jpg_400w_400h_4e","简爱 夏洛蒂勃朗特 [正版]英文原版小说书 The Pickwick Papers 匹克威克外传 英文版原版 查尔斯狄更本店所有书籍均来自正规进货渠道，保证品质！","3100.00","0","粉象优品图书专营店","苏宁","https://product.suning.com/0071538872/12424383239.html","2025-07-07 09:14","product","图书音像"

"https://imgservice2.suning.cn/uimg1/b2c/image/IzEt6FdQ23GuQW4aM2Mlsw.jpg_400w_400h_4e","荷马史诗 奥德赛 [正版]英文原版小说书 The Pickwick Papers 匹克威克外传 英文版原版 查尔斯狄更斯本店所有书籍均来自正规进货渠道，保证品质！","3425.00","0","粉象优品图书专营店","苏宁","https://product.suning.com/0071538872/12424383242.html","2025-07-07 09:14","product","图书音像"

"https://imgservice2.suning.cn/uimg1/b2c/image/lOBRqRMkFepuAOXxuAK7aw.jpg_400w_400h_4e","白鲸 赫尔曼梅尔维尔 [正版]英文原版小说书 The Pickwick Papers 匹克威克外传 英文版原版 查尔斯狄本店所有书籍均来自正规进货渠道，保证品质！","3750.00","0","粉象优品图书专营店","苏宁","https://product.suning.com/0071538872/12424383245.html","2025-07-07 09:14","product","图书音像"

"https://imgservice2.suning.cn/uimg1/b2c/image/MfjrkE24Reu5sBiF17eKNA.jpg_400w_400h_4e","觉醒 凯特·肖邦短篇故事 [正版]英文原版小说书 The Pickwick Papers 匹克威克外传 英文版原版 查尔本店所有书籍均来自正规进货渠道，保证品质！","4114.00","0","粉象优品图书专营店","苏宁","https://product.suning.com/0071538872/12424383252.html","2025-07-07 09:14","product","图书音像"

"https://imgservice2.suning.cn/uimg1/b2c/image/6mdDk8f6OSmkyoOSg58weQ.jpg_400w_400h_4e","八十天环游地球 环游世界80天 [正版]英文原版小说书 The Pickwick Papers 匹克威克外传 英文版原版本店所有书籍均来自正规进货渠道，保证品质！","2840.00","0","粉象优品图书专营店","苏宁","https://product.suning.com/0071538872/12424383256.html","2025-07-07 09:14","product","图书音像"

"https://imgservice2.suning.cn/uimg1/b2c/image/YaKZQZ4TvMaNdk4neaEKOw.jpg_400w_400h_4e","艾凡赫 [正版]英文原版小说书 The Pickwick Papers 匹克威克外传 英文版原版 查尔斯狄更斯作品 进口本店所有书籍均来自正规进货渠道，保证品质！","4140.00","0","粉象优品图书专营店","苏宁","https://product.suning.com/0071538872/12424383258.html","2025-07-07 09:14","product","图书音像"

"https://imgservice2.suning.cn/uimg1/b2c/image/U32-TlG8_wNP6raHUGs7CQ.jpg_400w_400h_4e","罪与罚 陀思妥耶夫斯基 [正版]英文原版小说书 The Pickwick Papers 匹克威克外传 英文版原版 查尔斯本店所有书籍均来自正规进货渠道，保证品质！","4114.00","0","粉象优品图书专营店","苏宁","https://product.suning.com/0071538872/12424383260.html","2025-07-07 09:14","product","图书音像"

"https://imgservice2.suning.cn/uimg1/b2c/image/vXm5l5B25QTPfFXSo1sB_g.jpg_400w_400h_4e","人生的枷锁 毛姆 [正版]英文原版小说书 The Pickwick Papers 匹克威克外传 英文版原版 查尔斯狄更斯本店所有书籍均来自正规进货渠道，保证品质！","4270.00","0","粉象优品图书专营店","苏宁","https://product.suning.com/0071538872/12424383266.html","2025-07-07 09:14","product","图书音像"

"https://imgservice2.suning.cn/uimg1/b2c/image/aL50vqhmm_Q3kYGqvmpqJg.jpg_400w_400h_4e","一位贵妇人的画像 [正版]英文原版小说书 The Pickwick Papers 匹克威克外传 英文版原版 查尔斯狄更斯本店所有书籍均来自正规进货渠道，保证品质！","3724.00","0","粉象优品图书专营店","苏宁","https://product.suning.com/0071538872/12424383269.html","2025-07-07 09:14","product","图书音像"

"https://imgservice2.suning.cn/uimg1/b2c/image/23DxT4td-mN-HAH8VV9gCw.jpg_400w_400h_4e","金银岛 [正版]英文原版小说书 The Pickwick Papers 匹克威克外传 英文版原版 查尔斯狄更斯作品 进口本店所有书籍均来自正规进货渠道，保证品质！","3100.00","0","粉象优品图书专营店","苏宁","https://product.suning.com/0071538872/12424383271.html","2025-07-07 09:14","product","图书音像"

"https://imgservice2.suning.cn/uimg1/b2c/image/afbKthwMw3eCgzYYdhGMBg.jpg_400w_400h_4e","双城记 查尔斯狄更斯 [正版]英文原版小说书 The Pickwick Papers 匹克威克外传 英文版原版 查尔斯狄本店所有书籍均来自正规进货渠道，保证品质！","4270.00","0","粉象优品图书专营店","苏宁","https://product.suning.com/0071538872/12424383277.html","2025-07-07 09:14","product","图书音像"

"https://imgservice1.suning.cn/uimg1/b2c/image/xEgUn8X0cujlvBccxz3x_w.jpg_400w_400h_4e","吸血鬼 伯爵德古拉 [正版]英文原版小说书 The Pickwick Papers 匹克威克外传 英文版原版 查尔斯狄更本店所有书籍均来自正规进货渠道，保证品质！","4374.00","0","粉象优品图书专营店","苏宁","https://product.suning.com/0071538872/12424383280.html","2025-07-07 09:14","product","图书音像"

"https://imgservice1.suning.cn/uimg1/b2c/image/O8pufuqvkNAXxkueNBUMfw.jpg_400w_400h_4e","隐身人 乔治·威尔斯 [正版]英文原版小说书 The Pickwick Papers 匹克威克外传 英文版原版 查尔斯狄本店所有书籍均来自正规进货渠道，保证品质！","4140.00","0","粉象优品图书专营店","苏宁","https://product.suning.com/0071538872/12424383283.html","2025-07-07 09:14","product","图书音像"

"https://imgservice1.suning.cn/uimg1/b2c/image/kjxAYGGG_TCwGAzKikO1pw.jpg_400w_400h_4e","卡斯特桥市长 [正版]英文原版小说书 The Pickwick Papers 匹克威克外传 英文版原版 查尔斯狄更斯作品本店所有书籍均来自正规进货渠道，保证品质！","3958.00","0","粉象优品图书专营店","苏宁","https://product.suning.com/0071538872/12424383286.html","2025-07-07 09:14","product","图书音像"

"https://imgservice1.suning.cn/uimg1/b2c/image/c5hkkxfIhB_MnbL9TS6wKg.jpg_400w_400h_4e","恋爱中的女人 [正版]英文原版小说书 The Pickwick Papers 匹克威克外传 英文版原版 查尔斯狄更斯作品本店所有书籍均来自正规进货渠道，保证品质！","4244.00","0","粉象优品图书专营店","苏宁","https://product.suning.com/0071538872/12424383289.html","2025-07-07 09:14","product","图书音像"

"https://imgservice5.suning.cn/uimg1/b2c/image/f7mijLcE_MLFkIAuxaw5ow.jpg_400w_400h_4e","匹克威克外传 查尔斯狄更斯 [正版]英文原版 Lady Chatterley's Lover 查太莱夫人的情人 劳伦斯本店所有图书均支持7天无理由退换并运费险，请放心购买。","3958.00","0","粉象优品图书专营店","苏宁","https://product.suning.com/0071538872/12424391046.html","2025-07-07 09:14","product","图书音像"

"https://imgservice5.suning.cn/uimg1/b2c/image/qhbl4Rjch9cni41l7GXOug.jpg_400w_400h_4e","匹克威克外传 查尔斯狄更斯 [正版]首页 英文原版小说 The Scarlet Letter 红字 美国文学经典名著 诺本店所有图书均支持7天无理由退换并运费险，请放心购买。","3958.00","0","粉象优品图书专营店","苏宁","https://product.suning.com/0071538872/12424391297.html","2025-07-07 09:14","product","图书音像"

"https://imgservice4.suning.cn/uimg1/b2c/image/RWIt-ZZgsX643qs5NUsPEQ.jpg_400w_400h_4e","[中英互译]匹克威克外传 [正版]世界十大名著全套中英文10册简爱傲慢与偏见飘巴黎圣母院悲惨世界呼啸山庄茶花女复活红与黑支持新华书店正版书验证","2125.00","0","粉象优品图书专营店","苏宁","https://product.suning.com/0071538872/12424940392.html","2025-07-07 09:14","product","图书音像"

"https://imgservice2.suning.cn/uimg1/b2c/image/I2pGVmOQCEPgZr5cEU4k9Q.jpg_400w_400h_4e","[中英互译]匹克威克外传 [正版]中英文对照无删减月亮与六便士毛姆著双语书籍月亮和六便士英文版经典世界名著外国文学长篇小支持新华书店正版验证","2125.00","0","粉象优品图书专营店","苏宁","https://product.suning.com/0071538872/12424941163.html","2025-07-07 09:14","product","图书音像"

"https://imgservice4.suning.cn/uimg1/b2c/image/awqMx1AWl7_NaBd5EsSznQ.jpg_400w_400h_4e","[中英互译]匹克威克外传 [正版]中英双语老人与海书中英文双语名著读物英汉对照互译英语小说海明威原著 读名著学英语 高中中英双语书 英汉对照 英文原版","2125.00","0","粉象优品图书专营店","苏宁","https://product.suning.com/0071538872/12424943555.html","2025-07-07 09:14","product","图书音像"

"https://imgservice1.suning.cn/uimg1/b2c/image/mkJElO0-6JNVQxtmDL2buw.jpg_400w_400h_4e","[中英互译]匹克威克外传 [正版]中英双语安徒生童话书全集中英文双语名著读物英汉对照互译英语小说安徒生原著 读名著学英语中英双语书 英汉对照 英文原版","2125.00","0","粉象优品图书专营店","苏宁","https://product.suning.com/0071538872/12424943941.html","2025-07-07 09:14","product","图书音像"

"https://imgservice4.suning.cn/uimg1/b2c/image/XWFpLntKfytxH8xt7Fmcfw.jpg_400w_400h_4e","[中英互译]匹克威克外传 [正版]中英双语金银岛书中英文双语名著读物英汉对照互译小说 斯蒂文森原著 读名著学英语 高中生中英双语书 英汉对照 英文原版","2125.00","0","粉象优品图书专营店","苏宁","https://product.suning.com/0071538872/12424945770.html","2025-07-07 09:14","product","图书音像"

"https://imgservice3.suning.cn/uimg1/b2c/image/Aa_qNapO-vCY9uxTePGAfw.jpg_400w_400h_4e","[中英互译]匹克威克外传 [正版]巴黎圣母院中英文双语书籍名著读物英汉对照小说全套阅读 巴黎圣母院原著 读名著学英语 高本店所有图书均支持7天无理由退换并运费险，请放心购买。","2125.00","0","粉象优品图书专营店","苏宁","https://product.suning.com/0071538872/12424945827.html","2025-07-07 09:14","product","图书音像"

"https://imgservice4.suning.cn/uimg1/b2c/image/Bft-NFPg7bM19sMWpRMziw.png_400w_400h_4e","醉染图书数学真好玩 会做萝卜的匹克9787531365正版全新","1900.00","0","醉染图书旗舰店","苏宁","https://product.suning.com/0071486797/12427447543.html","2025-07-07 09:14","product","图书音像"

"https://imgservice4.suning.cn/uimg1/b2c/image/zwFT7Qy3s-zyVRnWyy_jOw.png_400w_400h_4e","醉染图书简史 季林匹克运动的人文解读9787559657657正版全新","3860.00","0","醉染图书旗舰店","苏宁","https://product.suning.com/0071486797/12427474471.html","2025-07-07 09:14","product","图书音像"

"https://imgservice4.suning.cn/uimg1/b2c/image/9ELpddsx_hNnbSA_pTAsYQ.png_400w_400h_4e","醉染图书匹克威克外传上(下)9787205096038正版全新","6500.00","0","醉染图书旗舰店","苏宁","https://product.suning.com/0071486797/12427545177.html","2025-07-07 09:14","product","图书音像"

"https://imgservice5.suning.cn/uimg1/b2c/image/4ArHLjoW9ODCKNh-sKUgJw.png_400w_400h_4e","醉染图书季林匹克运动的历史演进及现实启示9787564434984正版全新","8800.00","0","醉染图书旗舰店","苏宁","https://product.suning.com/0071486797/12427567604.html","2025-07-07 09:14","product","图书音像"

"https://imgservice4.suning.cn/uimg1/b2c/image/mfjxrum3ov_5s9xmlIhB5w.jpg_400w_400h_4e","[正版] 匹克威克外传 读名著学英语 狄更斯著 英文原版+中文 中英文双语读物对照 英汉读物图书 经典名著学生英语读物畅双语读物 英汉对照 正版","2500.00","0","友一个文化制品专营店","苏宁","https://product.suning.com/0071512627/12427573250.html","2025-07-07 09:14","product","图书音像"

"https://imgservice1.suning.cn/uimg1/b2c/image/mN9hu1TlcY2uVTbp6jd_fw.png_400w_400h_4e","诺森季林匹克之旅杨燕萍主编9787300242965中国人民大学出版社正版","9800.00","0","诺森文化制品专营店","苏宁","https://product.suning.com/0071170587/12427895506.html","2025-07-07 09:14","product","图书音像"

"https://imgservice1.suning.cn/uimg1/b2c/image/KUBuASLMdmldc6L_y4VmhQ.png_400w_400h_4e","诺森奥利匹克运动与公民教育班秀萍9787519503048时事出版社正版","7800.00","0","诺森文化制品专营店","苏宁","https://product.suning.com/0071170587/12427922630.html","2025-07-07 09:14","product","图书音像"

"https://imgservice5.suning.cn/uimg1/b2c/image/vSSHyU3VbQ19o1y6PCPaAA.png_400w_400h_4e","诺森数学真好玩:会做萝卜的匹克柔萱著9787531365春风文艺出版社正版","1900.00","0","诺森文化制品专营店","苏宁","https://product.suning.com/0071170587/12427938530.html","2025-07-07 09:14","product","图书音像"

"https://imgservice4.suning.cn/uimg1/b2c/image/k3YbVfhl-_T2ench5w0Cjg.png_400w_400h_4e","正版 天堂谋杀案:尼尔?盖曼短篇故事集 [英]尼尔·盖曼,[美]P.克新华书店旗下自营，正版全新","5645.00","0","美阅书店","苏宁","https://product.suning.com/0070153176/12429913517.html","2025-07-07 09:14","product","图书音像"

"https://imgservice5.suning.cn/uimg1/b2c/image/PwJay6yM64xxn0N5gzsx7Q.jpg_400w_400h_4e","正版 匹克威克外传 狄更斯著 双语版 读名著学英语 世界名著英汉对照 双语名著小说中英双语读物 匹克威克外传正版书籍新商品上架","3900.00","0","藏易阁图书专营店","苏宁","https://product.suning.com/0071577405/12429980679.html","2025-07-07 09:14","product","图书音像"

"https://imgservice4.suning.cn/uimg1/b2c/image/aDIRuaO-aaL6M8Nt-xJVeQ.jpg_400w_400h_4e","[正版]匹克威克外传 英文原版小说 The Pickwick Papers 兰登书屋现代图书馆经典系列 经典名著 英文本店所有图书均支持7天无理由退换并运费险，请放心购买。","16840.00","0","粉象优品图书专营店","苏宁","https://product.suning.com/0071538872/12430762935.html","2025-07-07 09:14","product","图书音像"

"https://imgservice1.suning.cn/uimg1/b2c/image/GdM_FWk2j_W9B_mrhYB3cA.jpg_400w_400h_4e","匹克威克外传 精装收藏版 [正版]华研原版 英文原版小说经典名著 The Pickwick Papers 匹克威克外传本店所有图书均支持7天无理由退换并运费险，请放心购买。","24640.00","0","粉象优品图书专营店","苏宁","https://product.suning.com/0071538872/12431547291.html","2025-07-07 09:14","product","图书音像"

"https://imgservice1.suning.cn/uimg1/b2c/image/u8_SLdccIVkJw7aWhPBD2w.jpg_400w_400h_4e","[正版]中英双语名著雾都孤儿大卫科波菲尔匹克威克外传全3册英文原版中英对照版英文版英汉互译经典世界名著外国文学长篇小说本店所有图书均支持7天无理由退换并运费险，请放心购买。","4074.00","0","粉象优品图书专营店","苏宁","https://product.suning.com/0071538872/12431714856.html","2025-07-07 09:14","product","图书音像"

"https://imgservice4.suning.cn/uimg1/b2c/image/eyK2nG4kb641JoJ1d6k_OA.jpg_400w_400h_4e","[正版]格言增刊2022年全新热点话题top15 年度考场素材精粹 抗疫精神生命至上 奥森匹克精神 考点作文素材文学文本店所有图书均支持7天无理由退换并运费险，请放心购买。","2254.00","0","粉象优品图书专营店","苏宁","https://product.suning.com/0071538872/12431789987.html","2025-07-07 09:14","product","图书音像"

"https://imgservice3.suning.cn/uimg1/b2c/image/tTi0thfDlOwBhikX2RYKfg.jpg_400w_400h_4e","[正版]匹克威克外传狄更斯莫雅平阅读远大前程双城记荒凉山庄世界名著文学经典英国小说名家文集本店所有图书均支持7天无理由退换并运费险，请放心购买。","6934.00","0","粉象优品图书专营店","苏宁","https://product.suning.com/0071538872/12432407526.html","2025-07-07 09:14","product","图书音像"

"https://imgservice1.suning.cn/uimg1/b2c/image/N4LDsLS8nhdaWw_HndEvPA.jpg_400w_400h_4e","[正版]狄更斯文集(共8种)雾都孤儿老古玩店双城记远大前程董贝父子荒凉山庄匹克威克大卫科波菲尔世界名著本店所有图书均支持7天无理由退换并运费险，请放心购买。","49067.00","0","粉象优品图书专营店","苏宁","https://product.suning.com/0071538872/12432407648.html","2025-07-07 09:14","product","图书音像"

"https://imgservice1.suning.cn/uimg1/b2c/image/xGTXbqpmlAcAIApYMeylVA.jpg_400w_400h_4e","奥领匹克小丛书初中卷1—8册 初中通用 [正版]第三版2023数学奥林匹克小丛书初中卷A辑1-8册小蓝本七八九年级奥数教本店所有图书均支持7天无理由退换并运费险，请放心购买。","17724.00","0","粉象优品图书专营店","苏宁","https://product.suning.com/0071538872/12432632911.html","2025-07-07 09:14","product","图书音像"

"https://imgservice5.suning.cn/uimg1/b2c/image/25YSBd9hPY_Ifa8ApQCmZQ.png_400w_400h_4e","正版 匹克威克外传/无障碍阅读系列 (英)查尔斯·狄更斯|译者:刘凯新华书店旗下自营，正版全新","1573.00","0","美阅书店","苏宁","https://product.suning.com/0070153176/12433022609.html","2025-07-07 09:14","product","图书音像"

"https://imgservice2.suning.cn/uimg1/b2c/image/tlu7YgHVoOdGpKAJerta1w.jpg_400w_400h_4e","[正版]全套5本 克苏鲁神话1+2+3+4+5合集 5册 洛洛夫克拉夫特小说全集 H.P克苏鲁百科大全画册设定集恐怖悬本店所有书籍均来自正规进货渠道 保证品质 放心购买","29450.00","0","粉象优品图书专营店","苏宁","https://product.suning.com/0071538872/12433194065.html","2025-07-07 09:14","product","图书音像"

"https://imgservice3.suning.cn/uimg1/b2c/image/IVRGeu_mCB8A_SLa4UIRQw.jpg_400w_400h_4e","[正版]欧也妮葛朗台百万英镑匹克威客外传呼啸山庄中文版小学生三四五六年级必读课外书籍阅读经典读物9-15岁儿童文学世界本店所有图书均支持7天无理由退换并运费险，请放心购买。","4880.00","0","粉象优品图书专营店","苏宁","https://product.suning.com/0071538872/12433378950.html","2025-07-07 09:14","product","图书音像"

"https://imgservice5.suning.cn/uimg1/b2c/image/skYGcRelR0D_PJ_XgZXJCw.jpg_400w_400h_4e","敬平PVC100只分指手套复合丁腈加厚防护TPE洗碗烘培乳胶 透明PVC-100只1盒 码数克重见详情 S新店开业，品质保障，支持无理由退换，放心购物~","3000.00","20","洞朗百货专营店","苏宁","https://product.suning.com/0071483683/12385648235.html","2025-07-07 09:14","product","家居生活"

"https://imgservice3.suning.cn/uimg1/b2c/image/pAPUT6vXtb-_t3OYefFQqA.jpg_400w_400h_4e","原装进口日本贝亲PIGEON 婴幼儿防晒霜SPF50PA++++50g非偏远地区免邮","7990.00","10","博裕海外专营店","苏宁","https://product.suning.com/0070947471/12287258162.html","2025-07-07 09:14","product","母婴用品"

"https://imgservice1.suning.cn/uimg1/b2c/image/ydVW381Njn6u_vc0ZbSkdg.jpg_400w_400h_4e","ThinkPad T14p AI PC 酷睿Ultra7 155H 14.5英寸高性能工程师本笔记本电脑 64G 2TB 3K RTX4050 商务办公本Ultra7-155H+RTX4050+3K+120Hz","1249900.00","1","苏宁自营","苏宁","https://product.suning.com/0000000000/12432320738.html","2025-07-07 09:14","product","手机数码"

"https://imgservice2.suning.cn/uimg1/b2c/image/Opzq-Ixy0SSnelOHJPA2eA.png_400w_400h_4e","创维酷开电视K6 Mini 85英寸AI智能电视 4+64G大内存 144Hz高刷 一级能效以旧换新补贴 85P5F4+64GB大内存|144Hz|一级能效","459900.00","15","苏宁自营","苏宁","https://product.suning.com/0000000000/12441417786.html","2025-07-07 09:14","product","手机数码"

"https://imgservice1.suning.cn/uimg1/b2c/image/oo0wv7ZM5U_lAnuyjO7dbA.jpg_400w_400h_4e","华为P50 Pocket 4G 8GB+256GB 曜石黑 超光谱影像系统 骁龙888 4G全网 双卡 创新双屏操作体验 P50宝盒折叠屏手机ML全新国行未拆封","369600.00","0","秋月晨手机专营店","苏宁","https://product.suning.com/0071615758/12302468199.html","2025-07-07 09:14","product","手机数码"

"https://imgservice2.suning.cn/uimg1/b2c/image/OK50zLosF0pQtsDx7o0IEg.jpg_400w_400h_4e","联想(Lenovo)拯救者Y9000P 16英寸电竞游戏笔记本电脑(i9-13900HX 16G 1T RTX4060 8G独显 2.5k 240Hz高色域)碳晶灰13代酷睿i9，24核32线程，满功耗RTX4060独显，2.5K，240Hz电竞屏。","989900.00","10","联想慧达专卖店","苏宁","https://product.suning.com/0071486019/12408353432.html","2025-07-07 09:14","product","手机数码"

"https://imgservice3.suning.cn/uimg1/b2c/image/AhtrULyFIK8aqGomqz4ZfA.jpg_400w_400h_4e","联想(Lenovo)拯救者R9000P 2025 AI元启 16英寸电竞游戏本笔记本电脑(Ryzen 9 8945HX 32G 1T RTX5060 2.5k 240Hz)白色内置联想小天AI智能体，锐龙R9-8945HX处理器，RTX5060 8G独显","1099900.00","40","苏选自营","苏宁","https://product.suning.com/0010328655/12446494038.html","2025-07-07 09:14","product","手机数码"

"https://imgservice3.suning.cn/uimg1/b2c/image/gElWm2kGI-o5lf81vyiWdw.jpg_400w_400h_4e","匹牧 PM-ST-G202 纯棉手套 精梳棉21支均码;纯棉 750克加厚款 12双/打 单位:双(单双不发货)上网上街上苏宁","681.00","400","苏宁自营","苏宁","https://product.suning.com/0010360504/12439424188.html","2025-07-07 09:14","product","服装鞋帽"

"https://imgservice5.suning.cn/uimg1/b2c/image/-YZXuzDf2mAzDG8Y9L93UA.jpg_400w_400h_4e","匹牧 PM-YJD-G016 应急指示灯新国标铝合金[壁挂式标志灯]右向出口 单位:个上网上街上苏宁","11957.00","100","苏宁自营","苏宁","https://product.suning.com/0010360504/12439439610.html","2025-07-07 09:14","product","家居生活"

"https://imgservice5.suning.cn/uimg1/b2c/image/U9INCj8CLqYw5N3g0v-BwA.jpg_400w_400h_4e","敬平PVC100只分指手套复合丁腈加厚防护TPE洗碗烘培乳胶 透明PVC袋装20只 码数克重见详情 L新店开业，品质保障，支持无理由退换，放心购物~","1200.00","20","洞朗百货专营店","苏宁","https://product.suning.com/0071483683/12385648238.html","2025-07-07 09:14","product","家居生活"

"https://imgservice3.suning.cn/uimg1/b2c/image/DMIFYhw4omMnXPEanU_HPw.jpg_400w_400h_4e","晨光 M&G PVC拉边袋 ADM94503 A5 (红蓝黄绿) 12个/包 (颜色随机) 包一切努力，只为让你用到称心的文具","2333.00","1","晨光苏宁旗舰店","苏宁","https://product.suning.com/0010360996/12445319354.html","2025-07-07 09:14","product","家居生活"

"https://imgservice5.suning.cn/uimg1/b2c/image/6rWuvlau010VpfVcWmSEHg.jpg_400w_400h_4e","晨光 M&G 普惠型贴面皮面本 APYE8P11 25k (黑色) 96页 本一切努力，只为让你用到称心的文具","1672.00","1","晨光苏宁旗舰店","苏宁","https://product.suning.com/0010360996/12445319516.html","2025-07-07 09:14","product","家居生活"

"https://imgservice3.suning.cn/uimg1/b2c/image/yTroASiiU3HSbYin8zWghg.jpg_400w_400h_4e","晨光 M&G 3#PVC筒装彩色回形针 ABS91698 28mm 160枚/筒 筒一切努力，只为让你用到称心的文具","387.00","1","晨光苏宁旗舰店","苏宁","https://product.suning.com/0010360996/12445319615.html","2025-07-07 09:14","product","家居生活"

"https://imgservice3.suning.cn/uimg1/b2c/image/CpUxmU50JYpDFqkDz9VJ7g.jpg_400w_400h_4e","一分耕耘茶叶 手提礼盒装小包 正宗英德红茶茶叶 浓香型原味红茶 汤色红亮英红九号 PVC简易盒装200克33小包①【茶园直销，直达手中】 ②【 严格采摘标准】 ③【试喝不满意退货】","3500.00","700","一分耕耘旗舰店","苏宁","https://product.suning.com/0070148912/11448583440.html","2025-07-07 09:14","product","食品饮料"

"https://imgservice1.suning.cn/uimg1/b2c/image/8GC8PPKLUtF0c3ycDLOyzg.jpg_400w_400h_4e","ThinkPad T14p AI PC 酷睿Ultra9 185H标压 14.5英寸高性能工程师本笔记本电脑 64G 2TB 3K 商务办公本Ultra9-185H+32G大内存+3K+120Hz","1019900.00","0","苏宁自营","苏宁","https://product.suning.com/0000000000/12432320734.html","2025-07-07 09:14","product","手机数码"

"https://imgservice1.suning.cn/uimg1/b2c/image/45bbp4CBYV3L5nCTzFpsYw.jpg_400w_400h_4e","百谷特 U-PVC专用胶 500g 瓶精工制造贴心售后","3000.00","1","百谷特旗舰店","苏宁","https://product.suning.com/0071615044/12445123328.html","2025-07-07 09:14","product","家居生活"

"https://imgservice3.suning.cn/uimg1/b2c/image/zMkmXjUwqY7MyxfuHQcp5Q.jpg_400w_400h_4e","百多邦 莫匹罗星软膏 15g 脓疱病疖肿毛囊炎皮肤感染毛囊炎","4900.00","200","111大药房旗舰店","苏宁","https://product.suning.com/0070683954/12114226966.html","2025-07-07 09:14","product","医药保健"

"https://imgservice3.suning.cn/uimg1/b2c/image/g5GiOCerVUlEPusYlulZ6w.jpg_400w_400h_4e","百多邦 莫匹罗星软膏 15g 脓疱病 疖肿 毛囊炎 皮肤感染15g","3580.00","9","德生堂大药房旗舰店","苏宁","https://product.suning.com/0071205262/12114226966.html","2025-07-07 09:14","product","医药保健"

"https://imgservice3.suning.cn/uimg1/b2c/image/aZVnwneDLkbVXFbotEpAJw.jpg_400w_400h_4e","百多邦莫匹罗星软膏10g适用于皮肤感染脓包病皮肤感染脓疱病","3280.00","200","111大药房旗舰店","苏宁","https://product.suning.com/0070683954/10957547160.html","2025-07-07 09:14","product","医药保健"

"https://imgservice2.suning.cn/uimg1/b2c/image/drjnYB5wFVKjBPCvG3vZ6w.jpg_400w_400h_4e","百多邦莫匹罗星软膏10g/盒皮肤感染乳膏毛囊炎脓包疖肿湿疹药店发货 放心购买","2750.00","10","佐今明大药房旗舰店","苏宁","https://product.suning.com/0071260335/12170987452.html","2025-07-07 09:14","product","医药保健"

"https://imgservice4.suning.cn/uimg1/b2c/image/OF4j5KbFo8Ja0DKeDuMsNg.jpg_400w_400h_4e","[3盒]百多邦 莫匹罗星软膏 15g*1支/盒*3盒脓疱病疖肿毛囊炎皮肤感染脓疱病疖肿毛囊炎皮肤感染","14700.00","200","111大药房旗舰店","苏宁","https://product.suning.com/0070683954/12379559392.html","2025-07-07 09:14","product","医药保健"

"https://imgservice5.suning.cn/uimg1/b2c/image/nAiNAESA_pai5jBv7DDkkA.jpg_400w_400h_4e","[2盒]百多邦 莫匹罗星软膏 15g*1支/盒*2盒 脓疱病疖肿毛囊炎皮肤感染脓疱病疖肿毛囊炎皮肤感染","9800.00","200","111大药房旗舰店","苏宁","https://product.suning.com/0070683954/12379069642.html","2025-07-07 09:14","product","医药保健"

"https://imgservice4.suning.cn/uimg1/b2c/image/IiCVBGlv1Z1c-baBYJcYWQ.jpg_400w_400h_4e","[3盒]百多邦莫匹罗星软膏15g*1支/盒*3盒脓疱病疖肿毛囊炎皮肤感染脓疱病疖肿毛囊炎皮肤感染","14700.00","9","德生堂大药房旗舰店","苏宁","https://product.suning.com/0071205262/12379559392.html","2025-07-07 09:14","product","医药保健"

"https://imgservice1.suning.cn/uimg1/b2c/image/Gxcp0HvUjWCNR3-QLrMTaQ.png_400w_400h_4e","张一元 特级安溪乌龙茶210g/盒*2 PVC包装 福建茗茶 乌龙茶茶叶百年老字号品牌，品质保证","15000.00","60","苏宁自营","苏宁","https://product.suning.com/0000000000/11087288109.html","2025-07-07 09:14","product","食品饮料"

"https://imgservice2.suning.cn/uimg1/b2c/image/ELSx92kAQspbmx9lRGvomQ.jpg_400w_400h_4e","敬平PVC100只分指手套复合丁腈加厚防护TPE洗碗烘培乳胶 透明PVC袋装20只 码数克重见详情 XL新店开业，品质保障，支持无理由退换，放心购物~","1200.00","20","洞朗百货专营店","苏宁","https://product.suning.com/0071483683/12385645492.html","2025-07-07 09:14","product","家居生活"

